"","sample","activity","activity_sd","z_activity","category","target_activity"
"M0","M0",1.26365430083889,0.302377364589001,1,"High activity",1
"M1A","M1A",0.98228858346357,0.0977006352508539,0.14554100590098,"No activity",0
"M1G","M1G",1.12430419989046,0.170739870901592,0.576817857574441,"High activity",0.576817857574441
"M1U","M1U",1.17142244724546,0.171826343760455,0.719907821107403,"High activity",0.719907821107403
"M2A","M2A",0.945342213969003,0.0721344488757138,0.03334127521443,"No activity",0
"M2G","M2G",0.934363229741903,0.0674723242330764,0,"No activity",0
"M2U","M2U",1.05576934228214,0.106145662523088,0.368689354788105,"Low activity",0.368689354788105
"M3A","M3A",0.940781732731995,0.0787777879665158,0.0194918828764747,"No activity",0
"M3G","M3G",0.992972950853344,0.0676424393419224,0.177987580763095,"No activity",0
"M3C","M3C",0.960501291230076,0.0694209820851378,0.0793767696193443,"No activity",0
"M14A","M14A",0.95554895386091,0.083673782443474,0.0643373780176579,"No activity",0
"M14G","M14G",1.02611272910412,0.0705719214987767,0.278627352562489,"Low activity",0.278627352562489
"M14U","M14U",1.06893116044263,0.103382665483409,0.408659518924806,"Low activity",0.408659518924806
